-- phpMyAdmin SQL Dump
-- version 5.2.1
-- https://www.phpmyadmin.net/
--
-- Host: 127.0.0.1
-- Generation Time: May 08, 2024 at 09:24 AM
-- Server version: 10.4.28-MariaDB
-- PHP Version: 8.0.28

SET SQL_MODE = "NO_AUTO_VALUE_ON_ZERO";
START TRANSACTION;
SET time_zone = "+00:00";


/*!40101 SET @OLD_CHARACTER_SET_CLIENT=@@CHARACTER_SET_CLIENT */;
/*!40101 SET @OLD_CHARACTER_SET_RESULTS=@@CHARACTER_SET_RESULTS */;
/*!40101 SET @OLD_COLLATION_CONNECTION=@@COLLATION_CONNECTION */;
/*!40101 SET NAMES utf8mb4 */;

--
-- Database: `dbpuskesmas2`
--

-- --------------------------------------------------------

--
-- Table structure for table `kelurahan`
--

CREATE TABLE `kelurahan` (
  `id` int(11) NOT NULL,
  `nama` varchar(45) DEFAULT NULL,
  `kec_id` int(11) DEFAULT NULL
) ENGINE=InnoDB DEFAULT CHARSET=utf8mb4 COLLATE=utf8mb4_general_ci;

--
-- Dumping data for table `kelurahan`
--

INSERT INTO `kelurahan` (`id`, `nama`, `kec_id`) VALUES
(1, 'Kelapa Gading', 1),
(2, 'Kramat Jati', 2),
(3, 'Matraman', 3),
(4, 'Tambora', 4),
(5, 'Cilandak', 5);

-- --------------------------------------------------------

--
-- Table structure for table `paramedik`
--

CREATE TABLE `paramedik` (
  `id` int(11) NOT NULL,
  `nama` varchar(45) DEFAULT NULL,
  `gender` char(1) DEFAULT NULL,
  `tmp_lahir` varchar(30) DEFAULT NULL,
  `tgl_lahir` date DEFAULT NULL,
  `kategori` enum('Umum','Spesialis','Bidan','Dokter Gigi','Anastesi','Bedah','Ginekolog') DEFAULT NULL,
  `telpon` varchar(20) DEFAULT NULL,
  `alamat` varchar(100) DEFAULT NULL,
  `unit_kerja_id` int(11) DEFAULT NULL
) ENGINE=InnoDB DEFAULT CHARSET=utf8mb4 COLLATE=utf8mb4_general_ci;

--
-- Dumping data for table `paramedik`
--

INSERT INTO `paramedik` (`id`, `nama`, `gender`, `tmp_lahir`, `tgl_lahir`, `kategori`, `telpon`, `alamat`, `unit_kerja_id`) VALUES
(1, 'Dr. Khalid Khasmiri', 'L', 'Bandung', '1974-03-11', 'Umum', '0887203068', 'Lenteng Agung, Jakarta Selatan', 1),
(2, 'Dr. Abel Halianto', 'P', 'Jakarta', '1986-09-09', 'Spesialis', '08235491037', 'Gambir, Jakarta Pusat', 2),
(3, 'Dr. Kevin Mccallister', 'L', 'Surabaya', '1981-01-02', 'Bedah', '08524116859', 'Sawangan, Depok', 3),
(4, 'Dr. Karina Humaira', 'P', 'Pati', '1979-10-12', 'Dokter Gigi', '0898760142', 'Rawamangun, Jakarta Timur', 4);

-- --------------------------------------------------------

--
-- Table structure for table `pasien`
--

CREATE TABLE `pasien` (
  `id` int(11) NOT NULL,
  `kode` varchar(10) DEFAULT NULL,
  `nama` varchar(45) DEFAULT NULL,
  `tmp_lahir` varchar(30) DEFAULT NULL,
  `tgl_lahir` date DEFAULT NULL,
  `gender` char(1) DEFAULT NULL,
  `email` varchar(50) DEFAULT NULL,
  `alamat` varchar(100) DEFAULT NULL,
  `kelurahan_id` int(11) DEFAULT NULL
) ENGINE=InnoDB DEFAULT CHARSET=utf8mb4 COLLATE=utf8mb4_general_ci;

--
-- Dumping data for table `pasien`
--

INSERT INTO `pasien` (`id`, `kode`, `nama`, `tmp_lahir`, `tgl_lahir`, `gender`, `email`, `alamat`, `kelurahan_id`) VALUES
(1, '221', 'Muhamad Farabi', 'Kebumen', '1995-10-24', 'L', 'farabi@gmail.com', 'Jl. Suling No.54', 1),
(2, '222', 'Martin Paes', 'Cikarang', '2001-07-17', 'L', 'paesmar@gmail.com', 'Jl. Kelinci No. 128', 2),
(3, '223', 'Helena Rexa', 'Selangor', '1999-11-02', 'P', 'helena@gmail.co.id', 'Jl. Pelangi No. 79', 3),
(4, '224', 'Sonia Son', 'Padang', '2004-12-30', 'P', 'sonia@gmail.com', 'Jl. Condet No. 28', 4),
(5, '225', 'Fladeo Redivo', 'Pamulang', '2000-08-26', 'L', 'flavv@gmail.com', 'Jl. Perjuangan No. 31', 5);

-- --------------------------------------------------------

--
-- Table structure for table `periksa`
--

CREATE TABLE `periksa` (
  `id` int(11) NOT NULL,
  `tanggal` date DEFAULT NULL,
  `berat` double DEFAULT NULL,
  `tinggi` double DEFAULT NULL,
  `tensi` varchar(20) DEFAULT NULL,
  `keterangan` varchar(100) DEFAULT NULL,
  `pasien_id` int(11) DEFAULT NULL,
  `dokter_id` int(11) DEFAULT NULL
) ENGINE=InnoDB DEFAULT CHARSET=utf8mb4 COLLATE=utf8mb4_general_ci;

--
-- Dumping data for table `periksa`
--

INSERT INTO `periksa` (`id`, `tanggal`, `berat`, `tinggi`, `tensi`, `keterangan`, `pasien_id`, `dokter_id`) VALUES
(1, '2024-02-02', 57, 162, '130/85', 'Perlu pemantauan lebih lanjut', 1, 1),
(2, '2024-02-11', 62, 170, '150/80', 'Perlu tindakan medis', 2, 2),
(3, '2024-02-20', 80, 180, '144/91', 'Perlu tindakan medis', 3, 3),
(4, '2024-02-23', 64, 177, '129/68', 'Normal', 4, 4),
(5, '2024-02-29', 57, 163, '137/79', 'Perlu pemantauan lebih lanjut', 5, 2);

-- --------------------------------------------------------

--
-- Table structure for table `unit_kerja`
--

CREATE TABLE `unit_kerja` (
  `id` int(11) NOT NULL,
  `nama` varchar(45) DEFAULT NULL
) ENGINE=InnoDB DEFAULT CHARSET=utf8mb4 COLLATE=utf8mb4_general_ci;

--
-- Dumping data for table `unit_kerja`
--

INSERT INTO `unit_kerja` (`id`, `nama`) VALUES
(1, 'RSUD Cilandak'),
(2, 'RS Graha Permata'),
(3, 'RS Pelni'),
(4, 'RS Umum Bogor'),
(5, 'RS Citra Medika');

-- --------------------------------------------------------

--
-- Table structure for table `users`
--

CREATE TABLE `users` (
  `id` int(11) NOT NULL,
  `username` varchar(50) NOT NULL,
  `password` varchar(30) NOT NULL
) ENGINE=InnoDB DEFAULT CHARSET=utf8mb4 COLLATE=utf8mb4_general_ci;

--
-- Dumping data for table `users`
--

INSERT INTO `users` (`id`, `username`, `password`) VALUES
(1, 'farabi', 'ka la2'),
(2, 'nevada', 'freaxy77');

--
-- Indexes for dumped tables
--

--
-- Indexes for table `kelurahan`
--
ALTER TABLE `kelurahan`
  ADD PRIMARY KEY (`id`);

--
-- Indexes for table `paramedik`
--
ALTER TABLE `paramedik`
  ADD PRIMARY KEY (`id`),
  ADD KEY `unit_kerja_id` (`unit_kerja_id`);

--
-- Indexes for table `pasien`
--
ALTER TABLE `pasien`
  ADD PRIMARY KEY (`id`),
  ADD KEY `kelurahan_id` (`kelurahan_id`);

--
-- Indexes for table `periksa`
--
ALTER TABLE `periksa`
  ADD PRIMARY KEY (`id`),
  ADD KEY `pasien_id` (`pasien_id`),
  ADD KEY `dokter_id` (`dokter_id`);

--
-- Indexes for table `unit_kerja`
--
ALTER TABLE `unit_kerja`
  ADD PRIMARY KEY (`id`);

--
-- Indexes for table `users`
--
ALTER TABLE `users`
  ADD PRIMARY KEY (`id`);

--
-- AUTO_INCREMENT for dumped tables
--

--
-- AUTO_INCREMENT for table `kelurahan`
--
ALTER TABLE `kelurahan`
  MODIFY `id` int(11) NOT NULL AUTO_INCREMENT, AUTO_INCREMENT=6;

--
-- AUTO_INCREMENT for table `paramedik`
--
ALTER TABLE `paramedik`
  MODIFY `id` int(11) NOT NULL AUTO_INCREMENT, AUTO_INCREMENT=7;

--
-- AUTO_INCREMENT for table `pasien`
--
ALTER TABLE `pasien`
  MODIFY `id` int(11) NOT NULL AUTO_INCREMENT, AUTO_INCREMENT=6;

--
-- AUTO_INCREMENT for table `periksa`
--
ALTER TABLE `periksa`
  MODIFY `id` int(11) NOT NULL AUTO_INCREMENT, AUTO_INCREMENT=6;

--
-- AUTO_INCREMENT for table `unit_kerja`
--
ALTER TABLE `unit_kerja`
  MODIFY `id` int(11) NOT NULL AUTO_INCREMENT, AUTO_INCREMENT=6;

--
-- AUTO_INCREMENT for table `users`
--
ALTER TABLE `users`
  MODIFY `id` int(11) NOT NULL AUTO_INCREMENT, AUTO_INCREMENT=3;

--
-- Constraints for dumped tables
--

--
-- Constraints for table `paramedik`
--
ALTER TABLE `paramedik`
  ADD CONSTRAINT `paramedik_ibfk_1` FOREIGN KEY (`unit_kerja_id`) REFERENCES `unit_kerja` (`id`);

--
-- Constraints for table `pasien`
--
ALTER TABLE `pasien`
  ADD CONSTRAINT `pasien_ibfk_1` FOREIGN KEY (`kelurahan_id`) REFERENCES `kelurahan` (`id`);

--
-- Constraints for table `periksa`
--
ALTER TABLE `periksa`
  ADD CONSTRAINT `periksa_ibfk_1` FOREIGN KEY (`pasien_id`) REFERENCES `pasien` (`id`),
  ADD CONSTRAINT `periksa_ibfk_2` FOREIGN KEY (`dokter_id`) REFERENCES `paramedik` (`id`);
COMMIT;

/*!40101 SET CHARACTER_SET_CLIENT=@OLD_CHARACTER_SET_CLIENT */;
/*!40101 SET CHARACTER_SET_RESULTS=@OLD_CHARACTER_SET_RESULTS */;
/*!40101 SET COLLATION_CONNECTION=@OLD_COLLATION_CONNECTION */;
